emp001,staff,Mohammed Ahmed,mohammed.ahmed@company.com
emp002,staff,Fatima Mosa,fatima.mosa@company.com
emp003,staff,Mohammed Khalid,mohammed.khalid@company.com
emp004,staff,Noura Abdullah,noura.abdullah@company.com
emp005,staff,Youssef Nasser,youssef.nasser@company.com
emp006,staff,Basil Mohammed,basil.mohammed@company.com
emp007,staff,Omar Saeed,omar.saeed@company.com
emp008,staff,Salma Hussein,salma.hussein@company.com
emp009,staff,Hassan Ali,hassan.ali@company.com
emp010,staff,Sara Mansour,sara.mansour@company.com
emp011,it,Khaled Omar,khaled.omar@company.com
emp012,it,Amal Ibrahim,amal.ibrahim@company.com
